Goal x, Goal y, Goal z, 
-3.2, 5.1, 1.45053
-3.2619, 4.95547, 1.42089
-3.32379, 4.81093, 1.39125
-3.38569, 4.6664, 1.36161
-3.44759, 4.52186, 1.33197
-3.50949, 4.37733, 1.30234
-3.57138, 4.23279, 1.2727
-3.57912, 4.21473, 1.26899
-3.58686, 4.19666, 1.26529
-3.45396, 4.16154, 1.1834
-3.40413, 4.14837, 1.1527
-3.39202, 4.14517, 1.14524
-3.28464, 4.02674, 1.15181
-3.17726, 3.90831, 1.15839
-3.06988, 3.78988, 1.16496
-2.9625, 3.67144, 1.17154
-2.85512, 3.55301, 1.17811
-2.74774, 3.43458, 1.18469
-2.73431, 3.41978, 1.18551
-2.72089, 3.40497, 1.18633
-2.68022, 3.25071, 1.17405
-2.63956, 3.09646, 1.16178
-2.59889, 2.9422, 1.1495
-2.55822, 2.78794, 1.13722
-2.51755, 2.63368, 1.12495
-2.47688, 2.47943, 1.11267
-2.4718, 2.46014, 1.11113
-2.46672, 2.44086, 1.1096
-2.31511, 2.38976, 1.10751
-2.1635, 2.33867, 1.10541
-2.0119, 2.28757, 1.10332
-1.86029, 2.23647, 1.10122
-1.70868, 2.18537, 1.09913
-1.55708, 2.13427, 1.09703
-1.53812, 2.12789, 1.09677
-1.51917, 2.1215, 1.09651
-1.42498, 1.99223, 1.09232
-1.33078, 1.86297, 1.08813
-1.23659, 1.7337, 1.08394
-1.14239, 1.60444, 1.07975
-1.0482, 1.47517, 1.07556
-0.954, 1.34591, 1.07137
-0.942225, 1.32975, 1.07084
-0.930451, 1.31359, 1.07032
-0.770688, 1.31738, 1.06248
-0.610925, 1.32116, 1.05464
-0.451162, 1.32495, 1.0468
-0.291399, 1.32874, 1.03896
-0.131636, 1.33252, 1.03113
0.0281271, 1.33631, 1.02329
0.0480975, 1.33678, 1.02231
0.0680679, 1.33726, 1.02133
0.129363, 1.46125, 1.10176
0.190658, 1.58524, 1.18219
0.251954, 1.70923, 1.26262
0.313249, 1.83323, 1.34304
0.374544, 1.95722, 1.42347
0.435839, 2.08121, 1.5039
0.443501, 2.09671, 1.51396
0.451163, 2.11221, 1.52401
0.51923, 2.25698, 1.52102
0.587297, 2.40174, 1.51803
0.655365, 2.54651, 1.51504
0.723432, 2.69128, 1.51205
0.791499, 2.83605, 1.50906
0.859566, 2.98082, 1.50606
0.868075, 2.99891, 1.50569
0.876583, 3.01701, 1.50532
0.810304, 3.15987, 1.47705
0.744024, 3.30272, 1.44878
0.677744, 3.44558, 1.42051
0.611464, 3.58843, 1.39224
0.545185, 3.73129, 1.36397
0.478905, 3.87415, 1.3357
0.47062, 3.892, 1.33217
0.462335, 3.90986, 1.32863
0.549018, 4.04349, 1.34378
0.6357, 4.17712, 1.35893
0.722382, 4.31075, 1.37407
0.809065, 4.44438, 1.38922
0.895747, 4.57801, 1.40437
0.98243, 4.71163, 1.41952
0.993265, 4.72834, 1.42141
1.0041, 4.74504, 1.4233
1.00278, 4.58591, 1.43987
1.00147, 4.42677, 1.45643
1.00015, 4.26764, 1.473
0.998836, 4.1085, 1.48956
0.99752, 3.94937, 1.50613
0.996204, 3.79023, 1.52269
0.99604, 3.77034, 1.52476
0.995875, 3.75045, 1.52683
1.11492, 3.72106, 1.42404
1.23396, 3.69168, 1.32125
1.353, 3.66229, 1.21846
1.47204, 3.63291, 1.11567
1.59108, 3.60352, 1.01288
1.71012, 3.57414, 0.910091
1.725, 3.57046, 0.897243
1.73988, 3.56679, 0.884394
1.66812, 3.70953, 0.87557
1.59636, 3.85226, 0.866746
1.52461, 3.99499, 0.857923
1.45285, 4.13773, 0.849099
1.38109, 4.28046, 0.840275
1.30933, 4.4232, 0.831452
1.30036, 4.44104, 0.830349
1.29139, 4.45888, 0.829246
1.30001, 4.29928, 0.821871
1.30862, 4.13968, 0.814497
1.31724, 3.98009, 0.807122
1.32585, 3.82049, 0.799748
1.33447, 3.66089, 0.792373
1.34308, 3.50129, 0.784999
1.34416, 3.48134, 0.784077
1.34523, 3.46139, 0.783155
1.28432, 3.31453, 0.801044
1.2234, 3.16766, 0.818932
1.16249, 3.0208, 0.83682
1.10157, 2.87393, 0.854709
1.04066, 2.72707, 0.872597
0.979742, 2.5802, 0.890485
0.972128, 2.56185, 0.892722
0.964513, 2.54349, 0.894958
0.924592, 2.38857, 0.892517
0.88467, 2.23365, 0.890077
0.844748, 2.07873, 0.887636
0.804826, 1.92381, 0.885196
0.764904, 1.76889, 0.882755
0.724983, 1.61397, 0.880315
0.719992, 1.5946, 0.88001
0.715002, 1.57524, 0.879705
0.772723, 1.43511, 0.931031
0.830444, 1.29499, 0.982357
0.888165, 1.15487, 1.03368
0.945887, 1.01475, 1.08501
1.00361, 0.87463, 1.13633
1.06133, 0.734509, 1.18766
1.06854, 0.716994, 1.19408
1.07576, 0.699478, 1.20049
1.00876, 0.555042, 1.18472
0.941752, 0.410605, 1.16896
0.874749, 0.266169, 1.15319
0.807745, 0.121732, 1.13742
0.740742, -0.0227047, 1.12166
0.673738, -0.167141, 1.10589
0.665363, -0.185196, 1.10392
0.656988, -0.203251, 1.10195
0.544088, -0.230114, 1.21209
0.431189, -0.256977, 1.32224
0.318289, -0.28384, 1.43239
0.20539, -0.310704, 1.54253
0.0924904, -0.337567, 1.65268
-0.020409, -0.36443, 1.76282
-0.0345214, -0.367788, 1.77659
-0.0486338, -0.371146, 1.79036
-0.0440439, -0.529798, 1.81057
-0.039454, -0.688449, 1.83079
-0.0348641, -0.847101, 1.85101
-0.0302742, -1.00575, 1.87122
-0.0256843, -1.1644, 1.89144
-0.0210944, -1.32305, 1.91165
-0.0205207, -1.34289, 1.91418
-0.0199469, -1.36272, 1.9167
0.0630116, -1.49048, 1.86777
0.14597, -1.61824, 1.81883
0.228929, -1.746, 1.7699
0.311887, -1.87377, 1.72096
0.394846, -2.00153, 1.67203
0.477804, -2.12929, 1.62309
0.488174, -2.14526, 1.61697
0.498544, -2.16123, 1.61086
0.541081, -2.31438, 1.6292
0.583619, -2.46753, 1.64753
0.626156, -2.62068, 1.66587
0.668694, -2.77382, 1.68421
0.711231, -2.92697, 1.70254
0.753769, -3.08012, 1.72088
0.759086, -3.09926, 1.72317
0.764403, -3.11841, 1.72547
0.630501, -3.20552, 1.71641
0.496598, -3.29263, 1.70735
0.362696, -3.37974, 1.69829
0.228794, -3.46685, 1.68924
0.0948915, -3.55396, 1.68018
-0.0390108, -3.64107, 1.67112
-0.0557486, -3.65195, 1.66999
-0.0724864, -3.66284, 1.66886
-0.23004, -3.64184, 1.68719
-0.387593, -3.62084, 1.70552
-0.545146, -3.59985, 1.72385
-0.7027, -3.57885, 1.74218
-0.860253, -3.55785, 1.76051
-1.01781, -3.53685, 1.77884
-1.0375, -3.53422, 1.78113
-1.05719, -3.5316, 1.78342
-1.09172, -3.68696, 1.79989
-1.12625, -3.84232, 1.81637
-1.16077, -3.99768, 1.83284
-1.1953, -4.15304, 1.84932
-1.22983, -4.30839, 1.86579
-1.26435, -4.46375, 1.88227
-1.26867, -4.48317, 1.88433
-1.27298, -4.50259, 1.88638
-1.29544, -4.66069, 1.89653
-1.3179, -4.81878, 1.90667
-1.34036, -4.97687, 1.91681
-1.36281, -5.13496, 1.92696
-1.38527, -5.29305, 1.9371
-1.40773, -5.45114, 1.94724
-1.41053, -5.4709, 1.94851
-1.41334, -5.49066, 1.94978
-1.29843, -5.49725, 1.83864
-1.18351, -5.50383, 1.72751
-1.06859, -5.51042, 1.61637
-0.953678, -5.51701, 1.50524
-0.838762, -5.52359, 1.39411
-0.723846, -5.53018, 1.28297
-0.709481, -5.531, 1.26908
-0.695117, -5.53182, 1.25519
-0.542712, -5.52129, 1.30275
-0.390307, -5.51076, 1.3503
-0.237902, -5.50023, 1.39786
-0.0854973, -5.4897, 1.44542
0.0669076, -5.47916, 1.49298
0.219312, -5.46863, 1.54054
0.238363, -5.46732, 1.54648
0.257414, -5.466, 1.55243
0.350894, -5.36112, 1.629
0.444375, -5.25625, 1.70556
0.537856, -5.15137, 1.78213
0.631336, -5.0465, 1.8587
0.724817, -4.94162, 1.93526
0.818297, -4.83675, 2.01183
0.829983, -4.82364, 2.0214
0.835946, -4.81695, 2.02629
0.750166, -4.95122, 2.04084
0.664387, -5.0855, 2.05539
0.578607, -5.21978, 2.06994
0.492827, -5.35405, 2.08449
0.407048, -5.48833, 2.09904
0.321268, -5.62261, 2.11359
0.310545, -5.63939, 2.11541
0.299823, -5.65617, 2.11723
0.252755, -5.50326, 2.11663
0.205687, -5.35034, 2.11603
0.158619, -5.19742, 2.11543
0.111551, -5.0445, 2.11484
0.0644828, -4.89158, 2.11424
0.0174147, -4.73866, 2.11364
0.0115312, -4.71955, 2.11357
0.00564774, -4.70043, 2.11349
0.158423, -4.66238, 2.08499
0.311198, -4.62434, 2.0565
0.463973, -4.58629, 2.028
0.616749, -4.54824, 1.9995
0.769524, -4.51019, 1.971
0.922299, -4.47215, 1.94251
0.941396, -4.46739, 1.93894
0.960493, -4.46263, 1.93538
0.960516, -4.30336, 1.92015
0.96054, -4.14409, 1.90491
0.960563, -3.98482, 1.88967
0.960587, -3.82554, 1.87444
0.96061, -3.66627, 1.8592
0.960633, -3.507, 1.84396
0.960636, -3.48709, 1.84206
0.960639, -3.46718, 1.84015
0.828314, -3.37821, 1.82694
0.695988, -3.28924, 1.81372
0.563663, -3.20027, 1.8005
0.431337, -3.11131, 1.78729
0.299012, -3.02234, 1.77407
0.166686, -2.93337, 1.76085
0.150146, -2.92225, 1.7592
0.133605, -2.91113, 1.75755
0.115124, -2.75248, 1.76704
0.0966431, -2.59384, 1.77654
0.0781623, -2.43519, 1.78603
0.0596814, -2.27655, 1.79552
0.0412006, -2.1179, 1.80501
0.0227197, -1.95926, 1.81451
0.0204096, -1.93943, 1.81569
0.0180995, -1.9196, 1.81688
0.0690125, -1.76836, 1.82848
0.119926, -1.61712, 1.84008
0.170839, -1.46588, 1.85168
0.221752, -1.31464, 1.86328
0.272665, -1.1634, 1.87488
0.323578, -1.01216, 1.88648
0.329942, -0.993255, 1.88793
0.336306, -0.97435, 1.88938
0.476413, -0.920363, 1.94465
0.616521, -0.866376, 1.99992
0.756629, -0.812389, 2.0552
0.896736, -0.758402, 2.11047
1.03684, -0.704415, 2.16575
1.17695, -0.650428, 2.22102
1.19447, -0.64368, 2.22793
1.21198, -0.636931, 2.23484
1.37024, -0.656438, 2.24796
1.52851, -0.675944, 2.26107
1.68677, -0.695451, 2.27419
1.84503, -0.714958, 2.28731
2.0033, -0.734464, 2.30043
2.16156, -0.753971, 2.31354
2.18134, -0.756409, 2.31518
2.20113, -0.758847, 2.31682
2.06068, -0.832523, 2.29569
1.92023, -0.906199, 2.27456
1.77979, -0.979875, 2.25343
1.63934, -1.05355, 2.23229
1.49889, -1.12723, 2.21116
1.35845, -1.2009, 2.19003
1.34089, -1.21011, 2.18738
1.32334, -1.21932, 2.18474
1.28464, -1.06412, 2.18855
1.24594, -0.908916, 2.19235
1.20725, -0.753712, 2.19616
1.16855, -0.598509, 2.19996
1.12985, -0.443305, 2.20377
1.09116, -0.288102, 2.20757
1.08632, -0.268701, 2.20805
1.08148, -0.249301, 2.20852
0.98343, -0.374262, 2.18929
0.885377, -0.499224, 2.17005
0.787323, -0.624186, 2.15081
0.689269, -0.749148, 2.13158
0.591215, -0.874109, 2.11234
0.493161, -0.999071, 2.09311
0.480905, -1.01469, 2.0907
0.468648, -1.03031, 2.0883
0.498276, -1.18744, 2.09395
0.527905, -1.34457, 2.0996
0.557533, -1.50171, 2.10524
0.587162, -1.65884, 2.11089
0.61679, -1.81597, 2.11654
0.646419, -1.9731, 2.12219
0.650122, -1.99274, 2.12289
0.653826, -2.01238, 2.1236
0.605453, -1.85987, 2.12275
0.557081, -1.70736, 2.1219
0.508708, -1.55485, 2.12104
0.460335, -1.40234, 2.12019
0.411963, -1.24983, 2.11934
0.36359, -1.09732, 2.11848
0.357544, -1.07826, 2.11838
0.351497, -1.05919, 2.11827
0.444499, -1.18939, 2.1189
0.537501, -1.31958, 2.11953
0.630502, -1.44977, 2.12017
0.723504, -1.57997, 2.1208
0.816506, -1.71016, 2.12143
0.909508, -1.84035, 2.12206
0.921133, -1.85663, 2.12214
0.932758, -1.8729, 2.12222
1.04241, -1.98581, 2.151
1.15207, -2.09871, 2.17978
1.26172, -2.21161, 2.20856
1.37138, -2.32452, 2.23735
1.48103, -2.43742, 2.26613
1.59069, -2.55033, 2.29491
1.60439, -2.56444, 2.29851
1.6181, -2.57855, 2.30211
1.49007, -2.66319, 2.2569
1.36203, -2.74783, 2.2117
1.234, -2.83247, 2.16649
1.10596, -2.91711, 2.12129
0.977928, -3.00174, 2.07608
0.849893, -3.08638, 2.03088
0.833889, -3.09696, 2.02523
0.817884, -3.10754, 2.01958
0.711524, -2.98874, 2.03274
0.605165, -2.86993, 2.0459
0.498805, -2.75113, 2.05906
0.392445, -2.63233, 2.07222
0.286085, -2.51352, 2.08538
0.179725, -2.39472, 2.09853
0.16643, -2.37987, 2.10018
0.153135, -2.36502, 2.10182
0.211518, -2.2161, 2.10583
0.269901, -2.06719, 2.10983
0.328285, -1.91827, 2.11383
0.386668, -1.76936, 2.11784
0.445051, -1.62045, 2.12184
0.503434, -1.47153, 2.12584
0.510732, -1.45292, 2.12634
0.51803, -1.4343, 2.12684
0.514165, -1.27922, 2.0877
0.510299, -1.12413, 2.04855
0.506434, -0.969037, 2.0094
0.502569, -0.813948, 1.97026
0.498703, -0.658859, 1.93111
0.494838, -0.503771, 1.89196
0.494355, -0.484384, 1.88707
0.493872, -0.464998, 1.88218
0.599954, -0.346258, 1.86645
0.706037, -0.227518, 1.85073
0.812119, -0.108777, 1.83501
0.918202, 0.00996286, 1.81928
1.02428, 0.128703, 1.80356
1.13037, 0.247443, 1.78784
1.14363, 0.262286, 1.78587
1.15689, 0.277129, 1.78391
1.10837, 0.429589, 1.78247
1.05986, 0.582049, 1.78103
1.01134, 0.734509, 1.7796
0.962822, 0.886969, 1.77816
0.914306, 1.03943, 1.77673
0.86579, 1.19189, 1.77529
0.859725, 1.21095, 1.77511
0.853661, 1.23, 1.77493
0.753114, 1.35185, 1.80032
0.652567, 1.47369, 1.82571
0.55202, 1.59553, 1.8511
0.451472, 1.71738, 1.87649
0.350925, 1.83922, 1.90188
0.250378, 1.96106, 1.92727
0.23781, 1.97629, 1.93045
0.225242, 1.99152, 1.93362
0.258963, 2.14782, 1.92783
0.292684, 2.30412, 1.92205
0.326405, 2.46042, 1.91626
0.360126, 2.61672, 1.91047
0.393847, 2.77302, 1.90468
0.427568, 2.92932, 1.89889
0.431783, 2.94885, 1.89817
0.435998, 2.96839, 1.89745
0.276751, 2.98238, 1.90413
0.117504, 2.99637, 1.91082
-0.0417428, 3.01036, 1.9175
-0.20099, 3.02435, 1.92418
-0.360237, 3.03834, 1.93087
-0.519484, 3.05234, 1.93755
-0.53939, 3.05408, 1.93838
-0.559295, 3.05583, 1.93922
-0.7163, 3.08599, 1.94553
-0.873305, 3.11616, 1.95184
-1.03031, 3.14632, 1.95815
-1.18731, 3.17648, 1.96447
-1.34432, 3.20664, 1.97078
-1.50132, 3.2368, 1.97709
-1.52095, 3.24057, 1.97788
-1.54057, 3.24434, 1.97867
-1.58832, 3.10311, 2.03675
-1.63606, 2.96187, 2.09483
-1.6838, 2.82064, 2.15292
-1.73155, 2.67941, 2.211
-1.77929, 2.53817, 2.26908
-1.82703, 2.39694, 2.32717
-1.833, 2.37928, 2.33443
-1.83897, 2.36163, 2.34169
-1.73932, 2.24125, 2.30734
-1.63967, 2.12088, 2.27299
-1.54003, 2.0005, 2.23865
-1.44038, 1.88012, 2.2043
-1.34073, 1.75974, 2.16995
-1.24108, 1.63937, 2.13561
-1.22863, 1.62432, 2.13131
-1.21617, 1.60927, 2.12702
-1.34321, 1.5204, 2.16658
-1.47024, 1.43153, 2.20613
-1.59727, 1.34266, 2.24569
-1.7243, 1.25379, 2.28524
-1.85133, 1.16491, 2.3248
-1.97837, 1.07604, 2.36435
-1.99425, 1.06493, 2.3693
-2.01013, 1.05383, 2.37424
-2.07374, 1.19717, 2.34254
-2.13736, 1.34051, 2.31083
-2.20098, 1.48386, 2.27912
-2.2646, 1.6272, 2.24741
-2.32822, 1.77054, 2.21571
-2.39184, 1.91389, 2.184
-2.39979, 1.9318, 2.18004
-2.40774, 1.94972, 2.17607
-2.29983, 2.06772, 2.17037
-2.19192, 2.18571, 2.16467
-2.08401, 2.30371, 2.15897
-1.97611, 2.42171, 2.15327
-1.8682, 2.5397, 2.14757
-1.76029, 2.6577, 2.14187
-1.7468, 2.67245, 2.14116
-1.73331, 2.6872, 2.14045
-1.73303, 2.84619, 2.15839
-1.73275, 3.00518, 2.17633
-1.73246, 3.16417, 2.19427
-1.73218, 3.32316, 2.21221
-1.7319, 3.48215, 2.23015
-1.73162, 3.64114, 2.24809
-1.73158, 3.66102, 2.25034
-1.73154, 3.68089, 2.25258
-1.5733, 3.67647, 2.27582
-1.41506, 3.67204, 2.29906
-1.25682, 3.66762, 2.3223
-1.09858, 3.6632, 2.34554
-0.940337, 3.65877, 2.36877
-0.782096, 3.65435, 2.39201
-0.762316, 3.6538, 2.39492
-0.742535, 3.65324, 2.39782
-0.84367, 3.77706, 2.40416
-0.944805, 3.90088, 2.41051
-1.04594, 4.0247, 2.41685
-1.14707, 4.14852, 2.42319
-1.24821, 4.27234, 2.42953
-1.34934, 4.39617, 2.43587
-1.36199, 4.41164, 2.43667
-1.37463, 4.42712, 2.43746
-1.499, 4.32655, 2.4417
-1.62337, 4.22598, 2.44594
-1.74774, 4.12542, 2.45018
-1.87211, 4.02485, 2.45442
-1.99648, 3.92428, 2.45866
-2.12085, 3.82371, 2.4629
-2.1364, 3.81114, 2.46343
-2.15194, 3.79857, 2.46396
-2.01261, 3.87693, 2.47061
-1.87327, 3.9553, 2.47726
-1.73394, 4.03367, 2.48391
-1.5946, 4.11203, 2.49056
-1.45526, 4.1904, 2.49721
-1.31593, 4.26876, 2.50386
-1.29851, 4.27856, 2.50469
-1.28109, 4.28836, 2.50552
-1.21869, 4.43566, 2.50823
-1.15629, 4.58297, 2.51094
-1.09389, 4.73027, 2.51366
-1.03148, 4.87757, 2.51637
-0.969082, 5.02488, 2.51908
-0.906679, 5.17218, 2.52179
-0.898879, 5.1906, 2.52213
-0.891079, 5.20901, 2.52247
-0.787137, 5.33007, 2.51058
-0.683195, 5.45112, 2.4987
-0.579254, 5.57218, 2.48682
-0.475312, 5.69324, 2.47494
-0.37137, 5.8143, 2.46306
-0.267429, 5.93535, 2.45117
-0.254436, 5.95049, 2.44969
-0.241443, 5.96562, 2.4482
-0.15711, 6.0993, 2.42334
-0.0727756, 6.23297, 2.39847
0.0115582, 6.36665, 2.37361
0.0958921, 6.50033, 2.34874
0.180226, 6.634, 2.32388
0.26456, 6.76768, 2.29901
0.275102, 6.78439, 2.2959
0.285643, 6.8011, 2.2928
0.435711, 6.84905, 2.26486
0.585779, 6.897, 2.23692
0.735846, 6.94495, 2.20898
0.885914, 6.9929, 2.18104
1.03598, 7.04085, 2.1531
1.18605, 7.08879, 2.12516
1.20481, 7.09479, 2.12167
1.22357, 7.10078, 2.11818
1.22354, 7.25274, 2.06808
1.22351, 7.40469, 2.01799
1.22348, 7.55665, 1.9679
1.22346, 7.70861, 1.9178
1.22343, 7.86056, 1.86771
1.2234, 8.01252, 1.81762
1.2234, 8.03151, 1.81136
1.2234, 8.05051, 1.8051
1.18435, 8.19907, 1.84987
1.1453, 8.34763, 1.89464
1.10626, 8.4962, 1.93941
1.06721, 8.64476, 1.98418
1.02817, 8.79332, 2.02895
0.989119, 8.94189, 2.07372
0.984239, 8.96046, 2.07932
0.979358, 8.97903, 2.08491
0.851289, 8.94803, 1.99415
0.72322, 8.91702, 1.90339
0.595151, 8.88602, 1.81263
0.467082, 8.85502, 1.72188
0.339013, 8.82402, 1.63112
0.210945, 8.79302, 1.54036
0.194936, 8.78914, 1.52901
0.178927, 8.78527, 1.51767
0.0206052, 8.7798, 1.49521
-0.137717, 8.77433, 1.47276
-0.296039, 8.76887, 1.4503
-0.454361, 8.7634, 1.42785
-0.612683, 8.75794, 1.40539
-0.771005, 8.75247, 1.38294
-0.790796, 8.75179, 1.38013
-0.810586, 8.7511, 1.37732
-0.945922, 8.68505, 1.43137
-1.08126, 8.61899, 1.48541
-1.21659, 8.55294, 1.53946
-1.35193, 8.48688, 1.5935
-1.48727, 8.42083, 1.64755
-1.6226, 8.35477, 1.70159
-1.63952, 8.34652, 1.70835
-1.65644, 8.33826, 1.7151
-1.81462, 8.34199, 1.69132
-1.97279, 8.34572, 1.66754
-2.13097, 8.34946, 1.64375
-2.28915, 8.35319, 1.61997
-2.44733, 8.35692, 1.59619
-2.60551, 8.36065, 1.5724
-2.62528, 8.36112, 1.56943
-2.64505, 8.36159, 1.56646
-2.78525, 8.33718, 1.49332
-2.92545, 8.31277, 1.42018
-3.06564, 8.28836, 1.34704
-3.20584, 8.26395, 1.27391
-3.34604, 8.23954, 1.20077
-3.48623, 8.21513, 1.12763
-3.50376, 8.21208, 1.11849
-3.52128, 8.20903, 1.10935
-3.52872, 8.23755, 0.952086
-3.53617, 8.26607, 0.794825
-3.54361, 8.29459, 0.637563
-3.55105, 8.32312, 0.480302
-3.5585, 8.35164, 0.32304
-3.55917, 8.35421, 0.308844
-3.42575, 8.32101, 0.390688
-3.29234, 8.28781, 0.472532
-3.15893, 8.25461, 0.554377
-3.02551, 8.22141, 0.636221
-2.8921, 8.18821, 0.718065
-2.75868, 8.15501, 0.79991
-2.74201, 8.15086, 0.81014
-2.72533, 8.14671, 0.820371
-2.6691, 8.17467, 0.967531
-2.61286, 8.20262, 1.11469
-2.55663, 8.23058, 1.26185
-2.50039, 8.25853, 1.40901
-2.44416, 8.28649, 1.55617
-2.38792, 8.31444, 1.70333
-2.3809, 8.31794, 1.72173
-2.37387, 8.32143, 1.74012
-2.2235, 8.37215, 1.76055
-2.07313, 8.42287, 1.78097
-1.92276, 8.47359, 1.80139
-1.7724, 8.52432, 1.82182
-1.62203, 8.57504, 1.84224
-1.47166, 8.62576, 1.86266
-1.45287, 8.6321, 1.86521
-1.43407, 8.63844, 1.86777
-1.29019, 8.70739, 1.85585
-1.1463, 8.77635, 1.84393
-1.00242, 8.84531, 1.83201
-0.930475, 8.87979, 1.82605
-0.926306, 8.88179, 1.8257
-0.810149, 8.77426, 1.84906
-0.693992, 8.66673, 1.87241
-0.577835, 8.5592, 1.89576
-0.461678, 8.45167, 1.91911
-0.345521, 8.34415, 1.94246
-0.229364, 8.23662, 1.96581
-0.214844, 8.22318, 1.96873
-0.200325, 8.20974, 1.97165
-0.0908335, 8.10036, 1.93105
0.0186577, 7.99098, 1.89046
0.128149, 7.8816, 1.84986
0.23764, 7.77222, 1.80927
0.347132, 7.66284, 1.76868
0.456623, 7.55346, 1.72808
0.470309, 7.53979, 1.72301
0.483996, 7.52612, 1.71793
0.509369, 7.36826, 1.72393
0.534742, 7.2104, 1.72993
0.560115, 7.05253, 1.73592
0.585489, 6.89467, 1.74192
0.610862, 6.73681, 1.74792
0.636235, 6.57895, 1.75391
0.639407, 6.55922, 1.75466
0.642578, 6.53948, 1.75541
0.652606, 6.3798, 1.7549
0.662633, 6.22011, 1.75439
0.67266, 6.06043, 1.75387
0.682687, 5.90075, 1.75336
0.692714, 5.74106, 1.75285
0.702741, 5.58138, 1.75234
0.703995, 5.56142, 1.75227
0.705248, 5.54146, 1.75221
0.546983, 5.53402, 1.72992
0.388718, 5.52658, 1.70763
0.230452, 5.51914, 1.68534
0.0721871, 5.5117, 1.66305
-0.0860781, 5.50426, 1.64076
-0.244343, 5.49683, 1.61848
-0.264127, 5.4959, 1.61569
-0.28391, 5.49497, 1.6129
-0.378098, 5.44882, 1.73373
-0.472286, 5.40268, 1.85456
-0.566475, 5.35654, 1.97539
-0.660663, 5.31039, 2.09621
-0.754851, 5.26425, 2.21704
-0.84904, 5.21811, 2.33787
-0.860813, 5.21234, 2.35297
-0.872587, 5.20657, 2.36808
-0.997069, 5.1124, 2.40324
-1.12155, 5.01823, 2.4384
-1.24603, 4.92406, 2.47356
-1.37052, 4.82989, 2.50872
-1.495, 4.73572, 2.54388
-1.5728, 4.67687, 2.56586
-1.58439, 4.6681, 2.56913
-1.6394, 4.51859, 2.55427
-1.69441, 4.36908, 2.5394
-1.74942, 4.21957, 2.52453
-1.80443, 4.07007, 2.50967
-1.85944, 3.92056, 2.4948
-1.91445, 3.77105, 2.47993
-1.92133, 3.75236, 2.47808
-1.9282, 3.73367, 2.47622
-1.91858, 3.57555, 2.45371
-1.90897, 3.41744, 2.4312
-1.89935, 3.25932, 2.40869
-1.88973, 3.10121, 2.38618
-1.88011, 2.94309, 2.36367
-1.87049, 2.78497, 2.34116
-1.86929, 2.76521, 2.33834
-1.86808, 2.74544, 2.33553
-1.81122, 2.59594, 2.33153
-1.75436, 2.44644, 2.32753
-1.6975, 2.29694, 2.32354
-1.64064, 2.14744, 2.31954
-1.58377, 1.99794, 2.31554
-1.52691, 1.84843, 2.31155
-1.5198, 1.82975, 2.31105
-1.5127, 1.81106, 2.31055
-1.3546, 1.82848, 2.3279
-1.1965, 1.84589, 2.34526
-1.0384, 1.86331, 2.36261
-0.880299, 1.88073, 2.37997
-0.722199, 1.89814, 2.39732
-0.5641, 1.91556, 2.41467
-0.544337, 1.91774, 2.41684
-0.524575, 1.91992, 2.41901
-0.3652, 1.9293, 2.40845
-0.205826, 1.93869, 2.39788
-0.0464515, 1.94808, 2.38731
0.112923, 1.95746, 2.37675
0.272297, 1.96685, 2.36618
0.431672, 1.97624, 2.35561
0.451594, 1.97741, 2.35429
0.471516, 1.97858, 2.35297
0.499471, 2.13592, 2.34503
0.527426, 2.29326, 2.33708
0.555381, 2.4506, 2.32914
0.583336, 2.60794, 2.3212
0.611291, 2.76528, 2.31326
0.639246, 2.92262, 2.30531
0.642741, 2.94228, 2.30432
0.646235, 2.96195, 2.30333
0.575105, 3.10519, 2.30811
0.503975, 3.24843, 2.3129
0.432846, 3.39167, 2.31769
0.361716, 3.53491, 2.32248
0.290586, 3.67815, 2.32726
0.219456, 3.82139, 2.33205
0.210565, 3.83929, 2.33265
0.201674, 3.8572, 2.33325
0.0437378, 3.87618, 2.35045
-0.114198, 3.89516, 2.36765
-0.272134, 3.91414, 2.38486
-0.43007, 3.93312, 2.40206
-0.588006, 3.95211, 2.41926
-0.745942, 3.97109, 2.43647
-0.765684, 3.97346, 2.43862
-0.785426, 3.97583, 2.44077
-0.823806, 3.82163, 2.42206
-0.862187, 3.66744, 2.40335
-0.900568, 3.51324, 2.38464
-0.938948, 3.35904, 2.36593
-0.977329, 3.20484, 2.34722
-1.01571, 3.05065, 2.32851
-1.02051, 3.03137, 2.32617
-1.02531, 3.0121, 2.32383
-0.913413, 2.90103, 2.29655
-0.80152, 2.78996, 2.26928
-0.689628, 2.67889, 2.24201
-0.577736, 2.56782, 2.21473
-0.465843, 2.45676, 2.18746
-0.353951, 2.34569, 2.16018
-0.339965, 2.3318, 2.15677
-0.325978, 2.31792, 2.15336
-0.172809, 2.34465, 2.19111
-0.0196397, 2.37137, 2.22886
0.133529, 2.3981, 2.26661
0.286699, 2.42482, 2.30436
0.439868, 2.45155, 2.3421
0.593037, 2.47827, 2.37985
0.612183, 2.48162, 2.38457
0.631329, 2.48496, 2.38929
0.680976, 2.33314, 2.37991
0.730623, 2.18133, 2.37052
0.78027, 2.02952, 2.36114
0.829917, 1.8777, 2.35176
0.879564, 1.72589, 2.34238
0.92921, 1.57408, 2.333
0.935416, 1.5551, 2.33182
0.941622, 1.53613, 2.33065
1.02716, 1.66483, 2.2892
1.11269, 1.79354, 2.24775
1.19823, 1.92225, 2.2063
1.28376, 2.05096, 2.16485
1.3693, 2.17966, 2.1234
1.45484, 2.30837, 2.08195
1.46553, 2.32446, 2.07677
1.47622, 2.34055, 2.07159
1.38944, 2.47456, 2.08206
1.30265, 2.60857, 2.09253
1.21587, 2.74258, 2.103
1.12909, 2.87659, 2.11347
1.04231, 3.01061, 2.12395
0.955524, 3.14462, 2.13442
0.944676, 3.16137, 2.13573
0.933828, 3.17812, 2.13703
0.925828, 3.33641, 2.11513
0.917828, 3.4947, 2.09322
0.909828, 3.65299, 2.07131
0.901828, 3.81128, 2.0494
0.893828, 3.96957, 2.02749
0.885828, 4.12787, 2.00558
0.884828, 4.14765, 2.00284
0.883828, 4.16744, 2.0001
0.922176, 4.31996, 1.97069
0.960524, 4.47249, 1.94127
0.998873, 4.62502, 1.91186
1.03722, 4.77754, 1.88244
1.07557, 4.93007, 1.85303
1.11392, 5.08259, 1.82361
1.11871, 5.10166, 1.81994
1.1235, 5.12073, 1.81626
1.13743, 5.27998, 1.82282
1.15135, 5.43924, 1.82938
1.16528, 5.5985, 1.83595
1.1792, 5.75776, 1.84251
1.19313, 5.91701, 1.84907
1.20705, 6.07627, 1.85563
1.20879, 6.09618, 1.85645
1.21053, 6.11609, 1.85727
1.33867, 6.2115, 1.84846
1.4668, 6.30691, 1.83964
1.59494, 6.40232, 1.83082
1.72308, 6.49773, 1.822
1.85122, 6.59314, 1.81318
1.97935, 6.68855, 1.80437
1.99537, 6.70047, 1.80327
2.01139, 6.7124, 1.80216
2.11361, 6.76165, 1.68936
2.21583, 6.81089, 1.57655
2.31806, 6.86014, 1.46374
2.42028, 6.90939, 1.35094
2.5225, 6.95864, 1.23813
2.62472, 7.00788, 1.12532
2.6375, 7.01404, 1.11122
2.65028, 7.02019, 1.09712
2.61775, 6.86369, 1.10415
2.58523, 6.70719, 1.11118
2.55271, 6.55069, 1.11821
2.52019, 6.39419, 1.12523
2.48766, 6.23768, 1.13226
2.45514, 6.08118, 1.13929
2.45107, 6.06162, 1.14017
2.44701, 6.04206, 1.14105
2.32027, 5.94542, 1.12696
2.19353, 5.84878, 1.11288
2.0668, 5.75214, 1.0988
1.94006, 5.6555, 1.08472
1.81332, 5.55886, 1.07063
1.68658, 5.46222, 1.05655
1.67074, 5.45014, 1.05479
1.6549, 5.43806, 1.05303
1.60663, 5.28623, 1.06777
1.55836, 5.1344, 1.08252
1.51009, 4.98257, 1.09726
1.46181, 4.83073, 1.112
1.41354, 4.6789, 1.12675
1.36527, 4.52707, 1.14149
1.35924, 4.5081, 1.14333
1.3532, 4.48912, 1.14518
1.19451, 4.46954, 1.13936
1.03582, 4.44996, 1.13353
0.87713, 4.43038, 1.12771
0.718439, 4.4108, 1.12189
0.559748, 4.39122, 1.11607
0.401057, 4.37165, 1.11025
0.381221, 4.3692, 1.10953
0.361385, 4.36675, 1.1088
0.321768, 4.21177, 1.10556
0.282152, 4.05678, 1.10232
0.242535, 3.9018, 1.09908
0.202919, 3.74682, 1.09584
0.163302, 3.59183, 1.0926
0.123686, 3.43685, 1.08936
0.118734, 3.41747, 1.08896
0.113781, 3.3981, 1.08855
0.0851588, 3.24104, 1.09922
0.0565361, 3.08399, 1.10989
0.0279135, 2.92693, 1.12056
-0.000709209, 2.76987, 1.13124
-0.0293319, 2.61282, 1.14191
-0.0579545, 2.45576, 1.15258
-0.0615324, 2.43613, 1.15391
-0.0651102, 2.4165, 1.15524
-0.0870275, 2.25816, 1.16235
-0.108945, 2.09983, 1.16946
-0.130862, 1.9415, 1.17656
-0.152779, 1.78317, 1.18367
-0.174697, 1.62483, 1.19077
-0.196614, 1.4665, 1.19788
-0.199353, 1.44671, 1.19877
-0.202093, 1.42692, 1.19966
-0.288214, 1.29209, 1.19748
-0.374334, 1.15726, 1.19531
-0.460454, 1.02243, 1.19314
-0.546575, 0.887607, 1.19097
-0.632695, 0.752779, 1.1888
-0.718816, 0.617951, 1.18662
-0.729581, 0.601097, 1.18635
-0.740346, 0.584244, 1.18608
-0.626013, 0.484592, 1.23705
-0.511679, 0.384941, 1.28801
-0.397346, 0.285289, 1.33898
-0.283013, 0.185637, 1.38994
-0.16868, 0.0859859, 1.44091
-0.0543465, -0.0136657, 1.49187
-0.0400548, -0.0261221, 1.49824
-0.0257632, -0.0385786, 1.50461
-0.142848, -0.147028, 1.51602
-0.259932, -0.255477, 1.52742
-0.377017, -0.363926, 1.53882
-0.494102, -0.472375, 1.55022
-0.611186, -0.580824, 1.56162
-0.728271, -0.689273, 1.57302
-0.742906, -0.702829, 1.57445
-0.757542, -0.716385, 1.57587
-0.806182, -0.866783, 1.55108
-0.854822, -1.01718, 1.52629
-0.903463, -1.16758, 1.5015
-0.952103, -1.31798, 1.47671
-1.00074, -1.46838, 1.45192
-1.04938, -1.61877, 1.42713
-1.05546, -1.63757, 1.42404
-1.06154, -1.65637, 1.42094
-1.11836, -1.80552, 1.43225
-1.17517, -1.95466, 1.44357
-1.23199, -2.10381, 1.45489
-1.2888, -2.25295, 1.46621
-1.34562, -2.40209, 1.47753
-1.40243, -2.55124, 1.48884
-1.40954, -2.56988, 1.49026
-1.41664, -2.58852, 1.49167
-1.36415, -2.73865, 1.47413
-1.31166, -2.88877, 1.45658
-1.25917, -3.03889, 1.43903
-1.20668, -3.18902, 1.42149
-1.15419, -3.33914, 1.40394
-1.1017, -3.48926, 1.38639
-1.09514, -3.50803, 1.3842
-1.08858, -3.52679, 1.38201
-0.966629, -3.53802, 1.48498
-0.844683, -3.54925, 1.58795
-0.722736, -3.56047, 1.69092
-0.60079, -3.5717, 1.79389
-0.478843, -3.58293, 1.89686
-0.356897, -3.59416, 1.99983
-0.341653, -3.59556, 2.0127
-0.32641, -3.59696, 2.02557
-0.271685, -3.73912, 2.07451
-0.21696, -3.88129, 2.12345
-0.162234, -4.02345, 2.1724
-0.107509, -4.16561, 2.22134
-0.0527839, -4.30777, 2.27028
0.00194137, -4.44993, 2.31922
0.00878203, -4.4677, 2.32534
0.0156227, -4.48547, 2.33145
-0.108311, -4.58626, 2.34054
-0.232245, -4.68704, 2.34964
-0.356179, -4.78783, 2.35873
-0.480113, -4.88862, 2.36782
-0.604047, -4.9894, 2.37691
-0.72798, -5.09019, 2.386
-0.743472, -5.10279, 2.38714
-0.758964, -5.11538, 2.38827
-0.627671, -5.10342, 2.40857
-0.496377, -5.09145, 2.42888
-0.365084, -5.07949, 2.44918
-0.250203, -5.06902, 2.46694
-0.238591, -5.06796, 2.46874
-0.242315, -4.90803, 2.47205
-0.24604, -4.74811, 2.47535
-0.249765, -4.58819, 2.47866
-0.25349, -4.42827, 2.48197
-0.257215, -4.26834, 2.48528
-0.26094, -4.10842, 2.48859
-0.261406, -4.08843, 2.489
-0.261871, -4.06844, 2.48942
-0.267765, -3.91105, 2.46127
-0.273659, -3.75365, 2.43312
-0.279553, -3.59626, 2.40497
-0.285447, -3.43887, 2.37682
-0.291341, -3.28147, 2.34867
-0.297235, -3.12408, 2.32053
-0.297971, -3.1044, 2.31701
-0.298708, -3.08473, 2.31349
-0.45661, -3.0685, 2.33359
-0.614511, -3.05228, 2.35369
-0.772412, -3.03606, 2.37378
-0.930314, -3.01983, 2.39388
-1.08821, -3.00361, 2.41398
-1.24612, -2.98739, 2.43408
-1.26585, -2.98536, 2.43659
-1.28559, -2.98333, 2.4391
-1.24534, -3.13814, 2.44295
-1.20508, -3.29294, 2.4468
-1.16483, -3.44775, 2.45065
-1.12458, -3.60255, 2.4545
-1.08432, -3.75736, 2.45834
-1.04407, -3.91216, 2.46219
-1.03904, -3.93152, 2.46267
-1.034, -3.95087, 2.46315
-1.03265, -3.79092, 2.46699
-1.03129, -3.63097, 2.47083
-1.02993, -3.47102, 2.47467
-1.02858, -3.31107, 2.47851
-1.02722, -3.15113, 2.48235
-1.02586, -2.99118, 2.48619
-1.02569, -2.97118, 2.48667
-1.02552, -2.95119, 2.48715
-1.07479, -2.80417, 2.4477
-1.12406, -2.65714, 2.40824
-1.17332, -2.51012, 2.36878
-1.22259, -2.3631, 2.32933
-1.27186, -2.21607, 2.28987
-1.32113, -2.06905, 2.25041
-1.32729, -2.05067, 2.24548
-1.33345, -2.03229, 2.24055
-1.2512, -1.8955, 2.25169
-1.16896, -1.75871, 2.26283
-1.08672, -1.62192, 2.27397
-1.00447, -1.48513, 2.28511
-0.922232, -1.34834, 2.29625
-0.839989, -1.21154, 2.3074
-0.829709, -1.19444, 2.30879
-0.819428, -1.17735, 2.31018
-0.841677, -1.01891, 2.30799
-0.863926, -0.860485, 2.30581
-0.886175, -0.702054, 2.30362
-0.908424, -0.543624, 2.30143
-0.930672, -0.385193, 2.29925
-0.952921, -0.226763, 2.29706
-0.955702, -0.206959, 2.29679
-0.958484, -0.187155, 2.29651
-0.978692, -0.0292715, 2.28025
-0.998901, 0.128612, 2.26399
-1.01911, 0.286496, 2.24774
-1.03932, 0.44438, 2.23148
-1.05953, 0.602263, 2.21522
-1.07974, 0.760147, 2.19896
-1.08226, 0.779882, 2.19693
-1.08479, 0.799618, 2.19489
-1.21305, 0.828057, 2.10357
-1.34131, 0.856496, 2.01224
-1.46957, 0.884936, 1.92092
-1.59783, 0.913375, 1.82959
-1.72609, 0.941814, 1.73827
-1.85435, 0.970253, 1.64694
-1.87039, 0.973808, 1.63552
-1.88642, 0.977363, 1.62411
-2.00035, 0.865027, 1.62477
-2.11428, 0.75269, 1.62544
-2.22821, 0.640354, 1.6261
-2.34214, 0.528017, 1.62677
-2.45607, 0.415681, 1.62743
-2.57, 0.303344, 1.6281
-2.58424, 0.289302, 1.62818
-2.59848, 0.27526, 1.62827
-2.5684, 0.121587, 1.66112
-2.53831, -0.0320871, 1.69397
-2.50822, -0.185761, 1.72682
-2.47814, -0.339434, 1.75967
-2.44805, -0.493108, 1.79253
-2.43301, -0.569945, 1.80895
-2.43212, -0.574511, 1.80993
-2.44714, -0.728687, 1.84998
-2.46216, -0.882864, 1.89003
-2.47718, -1.03704, 1.93008
-2.4922, -1.19122, 1.97013
-2.50722, -1.34539, 2.01018
-2.52224, -1.49957, 2.05023
-2.52411, -1.51884, 2.05524
-2.52599, -1.53811, 2.06024
-2.63066, -1.63517, 2.13252
-2.73534, -1.73222, 2.2048
-2.84001, -1.82927, 2.27708
-2.94468, -1.92633, 2.34936
-3.04936, -2.02338, 2.42164
-3.15403, -2.12043, 2.49392
-3.16711, -2.13256, 2.50295
-3.1802, -2.1447, 2.51199
-3.08484, -2.27317, 2.51107
-2.98948, -2.40164, 2.51015
-2.89412, -2.53012, 2.50924
-2.79876, -2.65859, 2.50832
-2.7034, -2.78707, 2.5074
-2.60804, -2.91554, 2.50649
-2.59612, -2.9316, 2.50637
-2.5842, -2.94766, 2.50626
-2.51913, -3.09254, 2.48691
-2.45405, -3.23743, 2.46756
-2.38898, -3.38231, 2.44822
-2.32391, -3.5272, 2.42887
-2.25884, -3.67208, 2.40953
-2.19377, -3.81696, 2.39018
-2.18563, -3.83508, 2.38776
-2.1775, -3.85319, 2.38535
-2.08342, -3.98194, 2.39844
-1.98935, -4.1107, 2.41153
-1.89527, -4.23946, 2.42462
-1.8012, -4.36821, 2.43771
-1.70712, -4.49697, 2.4508
-1.61305, -4.62573, 2.46389
-1.60129, -4.64182, 2.46553
-1.58953, -4.65792, 2.46716
-1.69127, -4.78093, 2.47802
-1.79301, -4.90393, 2.48888
-1.89475, -5.02694, 2.49974
-1.99649, -5.14995, 2.5106
-2.09823, -5.27296, 2.52146
-2.19997, -5.39596, 2.53232
-2.21269, -5.41134, 2.53368
-2.22541, -5.42671, 2.53504
-2.21056, -5.26741, 2.53452
-2.19571, -5.1081, 2.534
-2.18086, -4.94879, 2.53348
-2.16601, -4.78948, 2.53296
-2.15116, -4.63017, 2.53244
-2.13632, -4.47086, 2.53192
-2.13446, -4.45095, 2.53185
-2.1326, -4.43104, 2.53179
-2.17002, -4.31615, 2.51853
-2.20743, -4.20126, 2.50527
-2.24485, -4.08637, 2.49202
-2.28226, -3.97149, 2.47876
-2.31968, -3.8566, 2.4655
-2.32436, -3.84224, 2.46385
-2.32808, -3.8308, 2.46253
-2.31718, -3.6726, 2.44119
-2.30628, -3.51441, 2.41985
-2.29538, -3.35621, 2.39851
-2.28448, -3.19802, 2.37717
-2.27358, -3.03982, 2.35583
-2.26268, -2.88162, 2.33449
-2.26132, -2.86185, 2.33182
-2.25996, -2.84208, 2.32916
-2.27955, -2.68534, 2.30368
-2.29914, -2.5286, 2.27821
-2.31873, -2.37185, 2.25274
-2.33831, -2.21511, 2.22727
-2.3579, -2.05837, 2.2018
-2.37749, -1.90163, 2.17633
-2.37994, -1.88204, 2.17315
-2.38239, -1.86245, 2.16996
-2.30957, -2.00143, 2.20131
-2.23675, -2.14041, 2.23266
-2.16394, -2.27938, 2.264
-2.09112, -2.41836, 2.29535
-2.0183, -2.55734, 2.32669
-1.94548, -2.69632, 2.35804
-1.93638, -2.71369, 2.36196
-1.92728, -2.73106, 2.36588
-1.8643, -2.87239, 2.32514
-1.80133, -3.01373, 2.2844
-1.73835, -3.15506, 2.24366
-1.67537, -3.29639, 2.20292
-1.6124, -3.43772, 2.16218
-1.54942, -3.57905, 2.12145
-1.54155, -3.59671, 2.11635
-1.53368, -3.61438, 2.11126
-1.38802, -3.55162, 2.09016
-1.24237, -3.48886, 2.06906
-1.09671, -3.42609, 2.04797
-0.951053, -3.36333, 2.02687
-0.805397, -3.30057, 2.00577
-0.659741, -3.23781, 1.98467
-0.641534, -3.22996, 1.98203
-0.623327, -3.22212, 1.9794
-0.60297, -3.17877, 2.13206
-0.582614, -3.13543, 2.28473
-0.562257, -3.09208, 2.43739
-0.559713, -3.08667, 2.45648
-0.558005, -3.08303, 2.46928
-0.590653, -2.92861, 2.44307
-0.6233, -2.77418, 2.41686
-0.655947, -2.61976, 2.39065
-0.688594, -2.46533, 2.36443
-0.721241, -2.31091, 2.33822
-0.753888, -2.15648, 2.31201
-0.757969, -2.13718, 2.30873
-0.76205, -2.11787, 2.30546
-0.758493, -1.95805, 2.31207
-0.754936, -1.79823, 2.31869
-0.751378, -1.6384, 2.3253
-0.747821, -1.47858, 2.33192
-0.744264, -1.31876, 2.33853
-0.740706, -1.15893, 2.34515
-0.740262, -1.13896, 2.34597
-0.739817, -1.11898, 2.3468
-0.886601, -1.06109, 2.37332
-1.03339, -1.0032, 2.39984
-1.18017, -0.94531, 2.42635
-1.32695, -0.887421, 2.45287
-1.47374, -0.829532, 2.47939
-1.62052, -0.771643, 2.50591
-1.63887, -0.764407, 2.50922
-1.65722, -0.757171, 2.51254
-1.65041, -0.601048, 2.4782
-1.6436, -0.444925, 2.44386
-1.63679, -0.288801, 2.40952
-1.62998, -0.132678, 2.37518
-1.62317, 0.0234447, 2.34084
-1.61636, 0.179568, 2.3065
-1.61551, 0.199083, 2.30221
-1.61466, 0.218598, 2.29791
-1.4817, 0.307402, 2.29201
-1.34873, 0.396205, 2.28611
-1.21577, 0.485008, 2.28022
-1.08281, 0.573811, 2.27432
-0.949844, 0.662614, 2.26842
-0.81688, 0.751417, 2.26252
-0.80026, 0.762518, 2.26178
-0.78364, 0.773618, 2.26104
-0.686547, 0.895748, 2.22558
-0.589454, 1.01788, 2.19012
-0.492361, 1.14001, 2.15466
-0.395268, 1.26214, 2.1192
-0.298175, 1.38427, 2.08375
-0.201082, 1.5064, 2.04829
-0.188946, 1.52166, 2.04385
-0.176809, 1.53693, 2.03942
-0.0562999, 1.44673, 1.98518
0.0642092, 1.35653, 1.93095
0.184718, 1.26633, 1.87671
0.305227, 1.17613, 1.82247
0.425736, 1.08594, 1.76823
0.546246, 0.995738, 1.71399
0.561309, 0.984463, 1.70721
0.576373, 0.973188, 1.70043
0.65488, 0.87997, 1.8041
0.733387, 0.786751, 1.90777
0.811894, 0.693533, 2.01143
0.890402, 0.600315, 2.1151
0.968909, 0.507096, 2.21877
1.04742, 0.413878, 2.32244
1.05723, 0.402226, 2.33539
1.06704, 0.390573, 2.34835
1.19786, 0.30535, 2.38334
1.32868, 0.220126, 2.41832
1.45949, 0.134902, 2.4533
1.59031, 0.0496786, 2.48828
1.72113, -0.0355451, 2.52327
1.85195, -0.120769, 2.55825
1.8683, -0.131422, 2.56262
1.88465, -0.142075, 2.56699
1.83066, -0.034607, 2.46147
1.77666, 0.0728607, 2.35595
1.72267, 0.180328, 2.25042
1.66867, 0.287796, 2.1449
1.61468, 0.395264, 2.03938
1.56068, 0.502732, 1.93385
1.55393, 0.516165, 1.92066
1.54718, 0.529599, 1.90747
1.62786, 0.626463, 2.006
1.70854, 0.723327, 2.10453
1.78923, 0.820191, 2.20306
1.86991, 0.917055, 2.30159
1.95059, 1.01392, 2.40011
2.03127, 1.11078, 2.49864
2.04136, 1.12289, 2.51096
2.05144, 1.135, 2.52328
1.90091, 1.08231, 2.5104
1.75038, 1.02963, 2.49753
1.59986, 0.976948, 2.48465
1.44933, 0.924264, 2.47178
1.2988, 0.87158, 2.4589
1.14827, 0.818897, 2.44603
1.12946, 0.812311, 2.44442
1.11064, 0.805726, 2.44281
1.14654, 0.656584, 2.39734
1.18245, 0.507442, 2.35187
1.21835, 0.358301, 2.30639
1.25426, 0.209159, 2.26092
1.29016, 0.0600172, 2.21545
1.32607, -0.0891245, 2.16998
1.33055, -0.107767, 2.1643
1.33504, -0.12641, 2.15861
1.24574, -0.258058, 2.14145
1.15644, -0.389705, 2.12428
1.06715, -0.521353, 2.10711
0.977848, -0.653, 2.08994
0.88855, -0.784648, 2.07278
0.799251, -0.916296, 2.05561
0.788089, -0.932752, 2.05347
0.776927, -0.949208, 2.05132
0.908708, -1.01443, 1.98823
1.04049, -1.07964, 1.92514
1.17227, -1.14486, 1.86205
1.30405, -1.21008, 1.79896
1.43583, -1.2753, 1.73587
1.56761, -1.34052, 1.67278
1.58408, -1.34867, 1.66489
1.60056, -1.35682, 1.65701
1.54977, -1.50767, 1.67334
1.49899, -1.65852, 1.68966
1.44821, -1.80936, 1.70599
1.39743, -1.96021, 1.72232
1.34664, -2.11105, 1.73865
1.29586, -2.2619, 1.75498
1.28951, -2.28075, 1.75702
1.28316, -2.29961, 1.75906
1.31943, -2.45353, 1.7347
1.3557, -2.60745, 1.71033
1.39197, -2.76137, 1.68597
1.42824, -2.91528, 1.6616
1.46451, -3.0692, 1.63724
1.50078, -3.22312, 1.61287
1.50531, -3.24236, 1.60982
1.50984, -3.2616, 1.60678
1.49482, -3.4077, 1.54331
1.4798, -3.5538, 1.47983
1.46478, -3.6999, 1.41636
1.44976, -3.846, 1.35289
1.43474, -3.99211, 1.28941
1.41972, -4.13821, 1.22594
1.41784, -4.15647, 1.21801
1.41597, -4.17473, 1.21007
1.28431, -4.26528, 1.20183
1.15266, -4.35583, 1.19358
1.021, -4.44638, 1.18533
0.889348, -4.53693, 1.17708
0.757693, -4.62748, 1.16883
0.626039, -4.71803, 1.16059
0.609582, -4.72934, 1.15955
0.593125, -4.74066, 1.15852
0.629903, -4.88843, 1.20763
0.66668, -5.0362, 1.25673
0.703458, -5.18397, 1.30584
0.740235, -5.33175, 1.35494
0.777013, -5.47952, 1.40405
0.81379, -5.62729, 1.45315
0.818387, -5.64576, 1.45929
0.822984, -5.66423, 1.46543
0.763574, -5.81015, 1.49333
0.704164, -5.95606, 1.52124
0.644754, -6.10198, 1.54914
0.585343, -6.2479, 1.57704
0.525933, -6.39381, 1.60495
0.466523, -6.53973, 1.63285
0.459097, -6.55797, 1.63634
0.45167, -6.57621, 1.63983
0.473145, -6.73114, 1.60614
0.494619, -6.88607, 1.57245
0.516093, -7.04101, 1.53876
0.537567, -7.19594, 1.50507
0.559041, -7.35087, 1.47138
0.580515, -7.5058, 1.43769
0.5832, -7.52517, 1.43348
0.585884, -7.54453, 1.42927
0.60106, -7.6646, 1.53393
0.616236, -7.78467, 1.63859
0.631412, -7.90473, 1.74325
0.646588, -8.0248, 1.84791
0.661764, -8.14487, 1.95257
0.67694, -8.26493, 2.05723
0.678837, -8.27994, 2.07031
0.680734, -8.29495, 2.08339
0.735905, -8.39131, 1.9682
0.791076, -8.48768, 1.853
0.846247, -8.58404, 1.7378
0.901417, -8.68041, 1.62261
0.956588, -8.77677, 1.50741
1.01176, -8.87313, 1.39222
1.01866, -8.88518, 1.37782
1.02555, -8.89722, 1.36342
1.03472, -9.03005, 1.27469
1.0439, -9.16288, 1.18596
1.05307, -9.29571, 1.09723
1.06224, -9.42854, 1.00851
1.07142, -9.56137, 0.91978
1.08059, -9.69419, 0.831052
1.08173, -9.7108, 0.819961
1.08288, -9.7274, 0.80887
1.12602, -9.798, 0.945816
1.16916, -9.86861, 1.08276
1.21229, -9.93921, 1.21971
1.25543, -10.0098, 1.35665
1.29857, -10.0804, 1.4936
1.34171, -10.151, 1.63054
1.3471, -10.1599, 1.64766
1.35249, -10.1687, 1.66478
1.36947, -10.0097, 1.6583
1.38646, -9.85075, 1.65181
1.40344, -9.69179, 1.64533
1.42042, -9.53282, 1.63884
1.4374, -9.37386, 1.63236
1.45438, -9.21489, 1.62587
1.4565, -9.19502, 1.62506
1.45863, -9.17515, 1.62425
1.36843, -9.04311, 1.62962
1.27823, -8.91107, 1.63498
1.18803, -8.77902, 1.64035
1.09783, -8.64698, 1.64571
1.00763, -8.51494, 1.65107
0.917428, -8.3829, 1.65644
0.906153, -8.36639, 1.65711
0.894878, -8.34989, 1.65778
0.83659, -8.20098, 1.66324
0.778303, -8.05208, 1.6687
0.720016, -7.90317, 1.67416
0.661728, -7.75427, 1.67962
0.603441, -7.60536, 1.68508
0.545154, -7.45646, 1.69055
0.537868, -7.43784, 1.69123
0.530582, -7.41923, 1.69191
0.442995, -7.28948, 1.65883
0.355409, -7.15973, 1.62575
0.267822, -7.02999, 1.59267
0.180236, -6.90024, 1.55959
0.0926496, -6.77049, 1.52651
0.00506314, -6.64075, 1.49343
-0.00588516, -6.62453, 1.48929
-0.0168335, -6.60831, 1.48516
-0.0373104, -6.45011, 1.49761
-0.0577872, -6.29192, 1.51006
-0.0782641, -6.13372, 1.52251
-0.098741, -5.97553, 1.53496
-0.119218, -5.81733, 1.54741
-0.139695, -5.65914, 1.55986
-0.142254, -5.63936, 1.56141
-0.144814, -5.61959, 1.56297
-0.195843, -5.46816, 1.55484
-0.246873, -5.31674, 1.54671
-0.297902, -5.16531, 1.53857
-0.348931, -5.01389, 1.53044
-0.399961, -4.86246, 1.52231
-0.45099, -4.71103, 1.51417
-0.457369, -4.69211, 1.51316
-0.463747, -4.67318, 1.51214
-0.514956, -4.5216, 1.5134
-0.566164, -4.37002, 1.51466
-0.617372, -4.21844, 1.51591
-0.668581, -4.06686, 1.51717
-0.719789, -3.91528, 1.51843
-0.770997, -3.7637, 1.51968
-0.777398, -3.74476, 1.51984
-0.783799, -3.72581, 1.52
-0.723126, -3.58051, 1.54839
-0.662453, -3.4352, 1.57677
-0.60178, -3.2899, 1.60516
-0.541107, -3.1446, 1.63355
-0.480434, -2.9993, 1.66194
-0.41976, -2.85399, 1.69032
-0.412176, -2.83583, 1.69387
-0.404592, -2.81767, 1.69742
-0.368562, -2.66289, 1.67881
-0.332532, -2.50812, 1.6602
-0.296502, -2.35334, 1.64158
-0.260472, -2.19857, 1.62297
-0.224443, -2.04379, 1.60436
-0.188413, -1.88902, 1.58574
-0.183909, -1.86967, 1.58342
-0.179405, -1.85032, 1.58109
-0.278133, -1.73037, 1.54281
-0.37686, -1.61042, 1.50454
-0.475588, -1.49048, 1.46626
-0.574316, -1.37053, 1.42798
-0.673043, -1.25058, 1.3897
-0.771771, -1.13063, 1.35143
-0.784112, -1.11564, 1.34664
-0.796453, -1.10064, 1.34186
-0.843199, -0.948433, 1.32613
-0.889945, -0.796224, 1.31041
-0.936691, -0.644015, 1.29468
-0.983437, -0.491807, 1.27895
-1.03018, -0.339598, 1.26323
-1.07693, -0.187389, 1.2475
-1.08277, -0.168363, 1.24554
-1.08862, -0.149337, 1.24357
-1.09993, 0.00743352, 1.27349
-1.11125, 0.164204, 1.30341
-1.12256, 0.320974, 1.33332
-1.13388, 0.477744, 1.36324
-1.14519, 0.634515, 1.39316
-1.15651, 0.791285, 1.42307
-1.15792, 0.810881, 1.42681
-1.15934, 0.830478, 1.43055
-1.18326, 0.987854, 1.44668
-1.20719, 1.14523, 1.4628
-1.23112, 1.30261, 1.47893
-1.25505, 1.45999, 1.49505
-1.27898, 1.61736, 1.51117
-1.3029, 1.77474, 1.5273
-1.30589, 1.79441, 1.52931
-1.30889, 1.81408, 1.53133
-1.17258, 1.89673, 1.54511
-1.03627, 1.97937, 1.55889
-0.899962, 2.06202, 1.57267
-0.763654, 2.14466, 1.58645
-0.627346, 2.22731, 1.60024
-0.491039, 2.30996, 1.61402
-0.474, 2.32029, 1.61574
-0.456962, 2.33062, 1.61746
-0.354191, 2.34837, 1.7388
-0.251421, 2.36612, 1.86014
-0.148651, 2.38388, 1.98148
-0.0458802, 2.40163, 2.10282
0.0568902, 2.41939, 2.22416
0.159661, 2.43714, 2.34549
0.172507, 2.43936, 2.36066
0.185353, 2.44158, 2.37583
0.148398, 2.28604, 2.38224
0.111443, 2.1305, 2.38866
0.0744876, 1.97495, 2.39507
0.0375324, 1.81941, 2.40148
0.000577239, 1.66387, 2.4079
-0.036378, 1.50833, 2.41431
-0.0409974, 1.48889, 2.41511
-0.0456168, 1.46944, 2.41591
0.0220292, 1.32539, 2.43245
0.0896751, 1.18134, 2.44899
0.157321, 1.03729, 2.46553
0.224967, 0.893243, 2.48207
0.292613, 0.749193, 2.49861
0.360259, 0.605143, 2.51515
0.368715, 0.587136, 2.51722
0.37717, 0.56913, 2.51929
0.534605, 0.589612, 2.49942
0.69204, 0.610094, 2.47955
0.849475, 0.630577, 2.45968
1.00691, 0.651059, 2.43981
1.16434, 0.671541, 2.41994
1.32178, 0.692023, 2.40007
1.34146, 0.694583, 2.39759
1.36114, 0.697144, 2.3951
1.41594, 0.55318, 2.35184
1.47073, 0.409216, 2.30858
1.52553, 0.265252, 2.26532
1.58033, 0.121288, 2.22205
1.63513, -0.022676, 2.17879
1.68992, -0.16664, 2.13553
1.69677, -0.184635, 2.13012
1.70362, -0.202631, 2.12471
1.84798, -0.204308, 2.19369
1.99234, -0.205985, 2.26266
2.1367, -0.207663, 2.33164
2.28106, -0.20934, 2.40061
2.42542, -0.211017, 2.46959
2.56978, -0.212695, 2.53856
2.58783, -0.212904, 2.54718
2.60587, -0.213114, 2.55581
2.50354, -0.0963732, 2.51709
2.4012, 0.0203674, 2.47837
2.29887, 0.137108, 2.43965
2.19653, 0.253849, 2.40093
2.0942, 0.370589, 2.36221
1.99186, 0.48733, 2.32349
1.97907, 0.501923, 2.31865
1.96628, 0.516515, 2.31381
1.8632, 0.638871, 2.31573
1.76012, 0.761226, 2.31765
1.65704, 0.883582, 2.31957
1.55396, 1.00594, 2.32149
1.45088, 1.12829, 2.32341
1.3478, 1.25065, 2.32533
1.33492, 1.26594, 2.32557
1.32203, 1.28124, 2.32581
1.2349, 1.39255, 2.25086
1.14777, 1.50386, 2.1759
1.06064, 1.61517, 2.10095
0.973517, 1.72648, 2.02599
0.886388, 1.83779, 1.95104
0.79926, 1.94911, 1.87608
0.788369, 1.96302, 1.86671
0.777478, 1.97693, 1.85734
0.619837, 1.98516, 1.83123
0.462197, 1.99338, 1.80511
0.304557, 2.0016, 1.779
0.146916, 2.00982, 1.75289
-0.010724, 2.01805, 1.72677
-0.168364, 2.02627, 1.70066
-0.188069, 2.0273, 1.69739
-0.207774, 2.02832, 1.69413
-0.280713, 2.16881, 1.71746
-0.353651, 2.30929, 1.74079
-0.426589, 2.44978, 1.76412
-0.499527, 2.59026, 1.78745
-0.572466, 2.73074, 1.81079
-0.645404, 2.87123, 1.83412
-0.654521, 2.88879, 1.83703
-0.663638, 2.90635, 1.83995
-0.705164, 3.05932, 1.81819
-0.74669, 3.2123, 1.79642
-0.788216, 3.36528, 1.77466
-0.829741, 3.51826, 1.7529
-0.871267, 3.67123, 1.73113
-0.912793, 3.82421, 1.70937
-0.917984, 3.84333, 1.70665
-0.923174, 3.86245, 1.70393
-0.84163, 3.99975, 1.69398
-0.760085, 4.13706, 1.68403
-0.678541, 4.27436, 1.67409
-0.596997, 4.41166, 1.66414
-0.515452, 4.54896, 1.65419
-0.433908, 4.68626, 1.64425
-0.423715, 4.70342, 1.643
-0.413522, 4.72058, 1.64176
-0.513088, 4.84496, 1.65647
-0.612655, 4.96934, 1.67119
-0.712221, 5.09372, 1.6859
-0.811787, 5.2181, 1.70062
-0.911354, 5.34248, 1.71533
-1.01092, 5.46686, 1.73005
-1.02337, 5.4824, 1.73189
-1.03581, 5.49795, 1.73372
-0.95838, 5.63761, 1.72381
-0.880948, 5.77728, 1.71389
-0.803516, 5.91694, 1.70397
-0.726085, 6.05661, 1.69405
-0.648653, 6.19627, 1.68414
-0.571221, 6.33593, 1.67422
-0.561542, 6.35339, 1.67298
-0.551863, 6.37085, 1.67174
-0.400122, 6.41453, 1.64592
-0.248381, 6.45821, 1.6201
-0.0966395, 6.50189, 1.59428
0.0551017, 6.54557, 1.56846
0.206843, 6.58925, 1.54264
0.358584, 6.63293, 1.51682
0.377552, 6.63839, 1.51359
0.396519, 6.64385, 1.51037
0.512936, 6.74995, 1.53846
0.629353, 6.85606, 1.56655
0.74577, 6.96216, 1.59464
0.862187, 7.06827, 1.62273
0.978604, 7.17437, 1.65082
1.09502, 7.28047, 1.67891
1.10957, 7.29374, 1.68242
1.12413, 7.307, 1.68593
1.0332, 7.40875, 1.76948
0.94228, 7.5105, 1.85302
0.851358, 7.61225, 1.93657
0.760435, 7.71401, 2.02011
0.669513, 7.81576, 2.10366
0.57859, 7.91751, 2.1872
0.567225, 7.93023, 2.19764
0.55586, 7.94295, 2.20809
0.438761, 8.05195, 2.21052
0.321663, 8.16096, 2.21294
0.204565, 8.26996, 2.21537
0.0874663, 8.37897, 2.2178
-0.029632, 8.48797, 2.22023
-0.14673, 8.59698, 2.22266
-0.161368, 8.6106, 2.22296
-0.176005, 8.62423, 2.22326
-0.153787, 8.6597, 2.06883
-0.131568, 8.69517, 1.91441
-0.10935, 8.73064, 1.75998
-0.106649, 8.73496, 1.7412
-0.198134, 8.77845, 1.61735
-0.289619, 8.82195, 1.4935
-0.381104, 8.86544, 1.36965
-0.472589, 8.90893, 1.2458
-0.564075, 8.95243, 1.12195
-0.65556, 8.99592, 0.998104
-0.666995, 9.00136, 0.982622
-0.678431, 9.00679, 0.967141
-0.836232, 9.00027, 0.992759
-0.994033, 8.99374, 1.01838
-1.15183, 8.98721, 1.044
-1.30963, 8.98069, 1.06961
-1.46744, 8.97416, 1.09523
-1.62524, 8.96763, 1.12085
-1.64496, 8.96682, 1.12405
-1.66469, 8.966, 1.12725
-1.55192, 9.07738, 1.14909
-1.43915, 9.18877, 1.17093
-1.32638, 9.30015, 1.19277
-1.21361, 9.41153, 1.2146
-1.10084, 9.52291, 1.23644
-0.988066, 9.63429, 1.25828
-0.97397, 9.64822, 1.26101
-0.959874, 9.66214, 1.26374
-0.842797, 9.75042, 1.32776
-0.72572, 9.8387, 1.39179
-0.608643, 9.92699, 1.45582
-0.491567, 10.0153, 1.51984
-0.37449, 10.1036, 1.58387
-0.257413, 10.1918, 1.64789
-0.242779, 10.2029, 1.65589
-0.228144, 10.2139, 1.6639
-0.0697294, 10.1921, 1.66911
0.0886852, 10.1702, 1.67433
0.2471, 10.1483, 1.67954
0.405514, 10.1265, 1.68476
0.563929, 10.1046, 1.68997
0.722344, 10.0828, 1.69519
0.742145, 10.08, 1.69584
0.761947, 10.0773, 1.69649
0.745694, 9.95512, 1.79849
0.729441, 9.83292, 1.90049
0.713187, 9.71072, 2.00249
0.696934, 9.58853, 2.10449
0.680681, 9.46633, 2.20649
0.664427, 9.34413, 2.30849
0.662396, 9.32886, 2.32124
0.660364, 9.31359, 2.33399
0.686494, 9.15635, 2.32002
0.712625, 8.99912, 2.30606
0.738755, 8.84189, 2.29209
0.764885, 8.68465, 2.27812
0.791015, 8.52742, 2.26416
0.817145, 8.37019, 2.25019
0.820412, 8.35053, 2.24845
0.823678, 8.33088, 2.2467
0.834447, 8.17284, 2.22417
0.845217, 8.0148, 2.20165
0.855986, 7.85676, 2.17912
0.866756, 7.69872, 2.15659
0.877525, 7.54068, 2.13407
0.888295, 7.38264, 2.11154
0.889641, 7.36289, 2.10873
0.890987, 7.34313, 2.10591
0.911577, 7.18449, 2.10305
0.932166, 7.02584, 2.10019
0.952756, 6.8672, 2.09733
0.973346, 6.70856, 2.09447
0.993935, 6.54991, 2.09161
1.01452, 6.39127, 2.08875
1.0171, 6.37144, 2.08839
1.01967, 6.35161, 2.08804
1.17474, 6.322, 2.11406
1.32981, 6.29239, 2.14009
1.48488, 6.26278, 2.16611
1.63994, 6.23317, 2.19214
1.79501, 6.20356, 2.21816
1.95008, 6.17395, 2.24418
1.96946, 6.17025, 2.24744
1.98885, 6.16655, 2.25069
2.14679, 6.17373, 2.27524
2.30473, 6.18091, 2.2998
2.46267, 6.18808, 2.32435
2.62061, 6.19526, 2.34891
2.77855, 6.20244, 2.37346
2.9365, 6.20962, 2.39802
2.95624, 6.21052, 2.40108
2.97598, 6.21141, 2.40415
3.01229, 6.3445, 2.3231
3.0486, 6.47759, 2.24204
3.0849, 6.61067, 2.16099
3.12121, 6.74376, 2.07994
3.15752, 6.87685, 1.99888
3.19382, 7.00993, 1.91783
3.19836, 7.02657, 1.9077
3.2029, 7.0432, 1.89756
3.23371, 6.98192, 2.04211
3.26452, 6.92063, 2.18666
3.29533, 6.85934, 2.33121
3.32614, 6.79805, 2.47576
3.34155, 6.76741, 2.54804
3.34294, 6.76463, 2.55459
3.22208, 6.66178, 2.53423
3.10121, 6.55894, 2.51388
2.98035, 6.45609, 2.49353
2.85949, 6.35324, 2.47318
2.73862, 6.25039, 2.45283
2.61776, 6.14754, 2.43248
2.60265, 6.13469, 2.42993
2.58754, 6.12183, 2.42739
2.4635, 6.22217, 2.41531
2.33946, 6.32251, 2.40323
2.21542, 6.42286, 2.39115
2.09139, 6.5232, 2.37907
1.96735, 6.62354, 2.36699
1.84331, 6.72388, 2.35491
1.8278, 6.73642, 2.3534
1.8123, 6.74896, 2.35189
1.69532, 6.8524, 2.317
1.57834, 6.95583, 2.2821
1.46136, 7.05926, 2.24721
1.34438, 7.16269, 2.21231
1.2274, 7.26612, 2.17742
1.11042, 7.36955, 2.14252
1.09579, 7.38248, 2.13816
1.08117, 7.39541, 2.1338
0.997225, 7.52435, 2.0899
0.913278, 7.65329, 2.046
0.829331, 7.78223, 2.00211
0.745384, 7.91117, 1.95821
0.661437, 8.04012, 1.91431
0.57749, 8.16906, 1.87041
0.566996, 8.18517, 1.86492
0.556503, 8.20129, 1.85944
0.529346, 8.3559, 1.82846
0.502189, 8.5105, 1.79749
0.475032, 8.66511, 1.76651
0.447875, 8.81972, 1.73554
0.420718, 8.97432, 1.70456
0.393561, 9.12893, 1.67358
0.390166, 9.14825, 1.66971
0.386771, 9.16758, 1.66584
0.367367, 9.00972, 1.64842
0.347962, 8.85186, 1.63099
0.328557, 8.694, 1.61357
0.309152, 8.53614, 1.59615
0.289748, 8.37828, 1.57872
0.270343, 8.22042, 1.5613
0.267917, 8.20069, 1.55912
0.265492, 8.18095, 1.55694
0.327761, 8.03358, 1.55871
0.39003, 7.8862, 1.56047
0.4523, 7.73883, 1.56223
0.514569, 7.59145, 1.564
0.576838, 7.44408, 1.56576
0.639108, 7.2967, 1.56753
0.646891, 7.27828, 1.56775
0.654675, 7.25986, 1.56797
0.796579, 7.22219, 1.63156
0.938483, 7.18452, 1.69515
1.08039, 7.14685, 1.75875
1.22229, 7.10918, 1.82234
1.3642, 7.07151, 1.88594
1.5061, 7.03384, 1.94953
1.52384, 7.02913, 1.95748
1.54158, 7.02442, 1.96543
1.54612, 6.89919, 2.06491
1.55066, 6.77396, 2.16439
1.55521, 6.64872, 2.26387
1.55975, 6.52349, 2.36335
1.56429, 6.39826, 2.46283
1.56884, 6.27303, 2.56231
1.56894, 6.2703, 2.56448
1.4395, 6.17626, 2.56267
1.31006, 6.08223, 2.56085
1.18063, 5.98819, 2.55904
1.05119, 5.89415, 2.55723
0.921755, 5.80012, 2.55542
0.792318, 5.70608, 2.5536
0.776139, 5.69433, 2.55338
0.759959, 5.68257, 2.55315
0.801666, 5.52821, 2.54743
0.843373, 5.37385, 2.5417
0.885079, 5.21948, 2.53598
0.926786, 5.06512, 2.53025
